{
  "results": {
    "prod": {
      "overall": {
        "acc": 0.41935483870967744,
        "ci_lo": 0.2903225806451613,
        "ci_hi": 0.532258064516129,
        "n_problems": 62
      },
      "by_length": {
        "short(<=4)": {
          "acc": 0.5333333333333333,
          "ci_lo": 0.26666666666666666,
          "ci_hi": 0.8,
          "n_problems": 15
        },
        "medium(5-9)": {
          "acc": 0.46153846153846156,
          "ci_lo": 0.2692307692307692,
          "ci_hi": 0.6538461538461539,
          "n_problems": 26
        },
        "long(>=10)": {
          "acc": 0.2857142857142857,
          "ci_lo": 0.09523809523809523,
          "ci_hi": 0.47619047619047616,
          "n_problems": 21
        }
      },
      "by_n": {
        "4": {
          "acc": 0.3870967741935484,
          "ci_lo": 0.27419354838709675,
          "ci_hi": 0.5161290322580645,
          "n_problems": 62
        },
        "8": {
          "acc": 0.41935483870967744,
          "ci_lo": 0.2903225806451613,
          "ci_hi": 0.532258064516129,
          "n_problems": 62
        },
        "16": {
          "acc": 0.41935483870967744,
          "ci_lo": 0.2903225806451613,
          "ci_hi": 0.532258064516129,
          "n_problems": 62
        }
      },
      "by_difficulty": {
        "Level 1": {
          "acc": 0.8571428571428571,
          "ci_lo": 0.5714285714285714,
          "ci_hi": 1.0,
          "n_problems": 7
        },
        "Level 2": {
          "acc": 0.375,
          "ci_lo": 0.125,
          "ci_hi": 0.75,
          "n_problems": 8
        },
        "Level 3": {
          "acc": 0.6,
          "ci_lo": 0.3,
          "ci_hi": 0.9,
          "n_problems": 10
        },
        "Level 4": {
          "acc": 0.5,
          "ci_lo": 0.0,
          "ci_hi": 1.0,
          "n_problems": 4
        },
        "Level 5": {
          "acc": 0.2727272727272727,
          "ci_lo": 0.12121212121212122,
          "ci_hi": 0.42424242424242425,
          "n_problems": 33
        }
      }
    },
    "geomean": {
      "overall": {
        "acc": 0.41935483870967744,
        "ci_lo": 0.2903225806451613,
        "ci_hi": 0.532258064516129,
        "n_problems": 62
      },
      "by_length": {
        "short(<=4)": {
          "acc": 0.5333333333333333,
          "ci_lo": 0.26666666666666666,
          "ci_hi": 0.8,
          "n_problems": 15
        },
        "medium(5-9)": {
          "acc": 0.46153846153846156,
          "ci_lo": 0.2692307692307692,
          "ci_hi": 0.6538461538461539,
          "n_problems": 26
        },
        "long(>=10)": {
          "acc": 0.2857142857142857,
          "ci_lo": 0.09523809523809523,
          "ci_hi": 0.47619047619047616,
          "n_problems": 21
        }
      },
      "by_n": {
        "4": {
          "acc": 0.3870967741935484,
          "ci_lo": 0.27419354838709675,
          "ci_hi": 0.5161290322580645,
          "n_problems": 62
        },
        "8": {
          "acc": 0.41935483870967744,
          "ci_lo": 0.2903225806451613,
          "ci_hi": 0.532258064516129,
          "n_problems": 62
        },
        "16": {
          "acc": 0.41935483870967744,
          "ci_lo": 0.2903225806451613,
          "ci_hi": 0.532258064516129,
          "n_problems": 62
        }
      },
      "by_difficulty": {
        "Level 1": {
          "acc": 0.8571428571428571,
          "ci_lo": 0.5714285714285714,
          "ci_hi": 1.0,
          "n_problems": 7
        },
        "Level 2": {
          "acc": 0.375,
          "ci_lo": 0.125,
          "ci_hi": 0.75,
          "n_problems": 8
        },
        "Level 3": {
          "acc": 0.6,
          "ci_lo": 0.3,
          "ci_hi": 0.9,
          "n_problems": 10
        },
        "Level 4": {
          "acc": 0.5,
          "ci_lo": 0.0,
          "ci_hi": 1.0,
          "n_problems": 4
        },
        "Level 5": {
          "acc": 0.2727272727272727,
          "ci_lo": 0.12121212121212122,
          "ci_hi": 0.42424242424242425,
          "n_problems": 33
        }
      }
    },
    "min": {
      "overall": {
        "acc": 0.41935483870967744,
        "ci_lo": 0.2903225806451613,
        "ci_hi": 0.532258064516129,
        "n_problems": 62
      },
      "by_length": {
        "short(<=4)": {
          "acc": 0.5333333333333333,
          "ci_lo": 0.26666666666666666,
          "ci_hi": 0.8,
          "n_problems": 15
        },
        "medium(5-9)": {
          "acc": 0.46153846153846156,
          "ci_lo": 0.2692307692307692,
          "ci_hi": 0.6538461538461539,
          "n_problems": 26
        },
        "long(>=10)": {
          "acc": 0.2857142857142857,
          "ci_lo": 0.09523809523809523,
          "ci_hi": 0.47619047619047616,
          "n_problems": 21
        }
      },
      "by_n": {
        "4": {
          "acc": 0.3870967741935484,
          "ci_lo": 0.27419354838709675,
          "ci_hi": 0.5161290322580645,
          "n_problems": 62
        },
        "8": {
          "acc": 0.41935483870967744,
          "ci_lo": 0.2903225806451613,
          "ci_hi": 0.532258064516129,
          "n_problems": 62
        },
        "16": {
          "acc": 0.41935483870967744,
          "ci_lo": 0.2903225806451613,
          "ci_hi": 0.532258064516129,
          "n_problems": 62
        }
      },
      "by_difficulty": {
        "Level 1": {
          "acc": 0.8571428571428571,
          "ci_lo": 0.5714285714285714,
          "ci_hi": 1.0,
          "n_problems": 7
        },
        "Level 2": {
          "acc": 0.375,
          "ci_lo": 0.125,
          "ci_hi": 0.75,
          "n_problems": 8
        },
        "Level 3": {
          "acc": 0.6,
          "ci_lo": 0.3,
          "ci_hi": 0.9,
          "n_problems": 10
        },
        "Level 4": {
          "acc": 0.5,
          "ci_lo": 0.0,
          "ci_hi": 1.0,
          "n_problems": 4
        },
        "Level 5": {
          "acc": 0.2727272727272727,
          "ci_lo": 0.12121212121212122,
          "ci_hi": 0.42424242424242425,
          "n_problems": 33
        }
      }
    },
    "mean": {
      "overall": {
        "acc": 0.41935483870967744,
        "ci_lo": 0.2903225806451613,
        "ci_hi": 0.532258064516129,
        "n_problems": 62
      },
      "by_length": {
        "short(<=4)": {
          "acc": 0.5333333333333333,
          "ci_lo": 0.26666666666666666,
          "ci_hi": 0.8,
          "n_problems": 15
        },
        "medium(5-9)": {
          "acc": 0.46153846153846156,
          "ci_lo": 0.2692307692307692,
          "ci_hi": 0.6538461538461539,
          "n_problems": 26
        },
        "long(>=10)": {
          "acc": 0.2857142857142857,
          "ci_lo": 0.09523809523809523,
          "ci_hi": 0.47619047619047616,
          "n_problems": 21
        }
      },
      "by_n": {
        "4": {
          "acc": 0.3870967741935484,
          "ci_lo": 0.27419354838709675,
          "ci_hi": 0.5161290322580645,
          "n_problems": 62
        },
        "8": {
          "acc": 0.41935483870967744,
          "ci_lo": 0.2903225806451613,
          "ci_hi": 0.532258064516129,
          "n_problems": 62
        },
        "16": {
          "acc": 0.41935483870967744,
          "ci_lo": 0.2903225806451613,
          "ci_hi": 0.532258064516129,
          "n_problems": 62
        }
      },
      "by_difficulty": {
        "Level 1": {
          "acc": 0.8571428571428571,
          "ci_lo": 0.5714285714285714,
          "ci_hi": 1.0,
          "n_problems": 7
        },
        "Level 2": {
          "acc": 0.375,
          "ci_lo": 0.125,
          "ci_hi": 0.75,
          "n_problems": 8
        },
        "Level 3": {
          "acc": 0.6,
          "ci_lo": 0.3,
          "ci_hi": 0.9,
          "n_problems": 10
        },
        "Level 4": {
          "acc": 0.5,
          "ci_lo": 0.0,
          "ci_hi": 1.0,
          "n_problems": 4
        },
        "Level 5": {
          "acc": 0.2727272727272727,