{
  "random": {
    "fold_accs": [
      0.41975308641975306,
      0.32098765432098764,
      0.43209876543209874,
      0.30864197530864196,
      0.4166666666666667
    ],
    "mean": 0.37962962962962965,
    "std": 0.05960866640687644,
    "ci_lo": 0.305615694571273,
    "ci_hi": 0.4536435646879863,
    "hp_per_fold": []
  },
  "prod": {
    "fold_accs": [
      0.5555555555555556,
      0.43209876543209874,
      0.5432098765432098,
      0.4691358024691358,
      0.4880952380952381
    ],
    "mean": 0.4976190476190476,
    "std": 0.05155111107881786,
    "ci_lo": 0.4336098889250763,
    "ci_hi": 0.5616282063130189,
    "hp_per_fold": []
  },
  "geomean": {
    "fold_accs": [
      0.5802469135802469,
      0.41975308641975306,
      0.5432098765432098,
      0.4691358024691358,
      0.47619047619047616
    ],
    "mean": 0.4977072310405644,
    "std": 0.0637170225978592,
    "ci_lo": 0.41859209800806696,
    "ci_hi": 0.5768223640730619,
    "hp_per_fold": []
  },
  "min": {
    "fold_accs": [
      0.5555555555555556,
      0.4074074074074074,
      0.5308641975308642,
      0.4691358024691358,
      0.4880952380952381
    ],
    "mean": 0.4902116402116402,
    "std": 0.057505801346103,
    "ci_lo": 0.41880875699232656,
    "ci_hi": 0.5616145234309539,
    "hp_per_fold": []
  },
  "mean": {
    "fold_accs": [
      0.5802469135802469,
      0.41975308641975306,
      0.5432098765432098,
      0.4691358024691358,
      0.47619047619047616
    ],
    "mean": 0.4977072310405644,
    "std": 0.0637170225978592,
    "ci_lo": 0.41859209800806696,
    "ci_hi": 0.5768223640730619,
    "hp_per_fold": []
  },
  "mlp": {
    "fold_accs": [
      0.5679012345679012,
      0.43209876543209874,
      0.5308641975308642,
      0.4691358024691358,
      0.47619047619047616
    ],
    "mean": 0.49523809523809526,
    "std": 0.053804896220901045,
    "ci_lo": 0.4284304926735127,
    "ci_hi": 0.5620456978026779,
    "hp_per_fold": [
      16,
      4,
      8,
      8,
      4
    ]
  },
  "lstm": {
    "fold_accs": [
      0.5925925925925926,
      0.41975308641975306,
      0.5185185185185185,
      0.4691358024691358,
      0.4880952380952381
    ],
    "mean": 0.4976190476190476,
    "std": 0.06407391872736835,
    "ci_lo": 0.4180607695114404,
    "ci_hi": 0.5771773257266548,
    "hp_per_fold": [
      4,
      4,
      8,
      4,
      4
    ]
  },
  "gbdt": {
    "fold_accs": [
      0.5802469135802469,
      0.4567901234567901,
      0.5555555555555556,
      0.48148148148148145,
      0.5119047619047619
    ],
    "mean": 0.5171957671957672,
    "std": 0.05098839858241322,
    "ci_lo": 0.4538853083499209,
    "ci_hi": 0.5805062260416135,
    "hp_per_fold": [
      [
        50,
        2
      ],
      [
        50,
        2
      ],
      [
        500,
        2
      ],
      [
        50,
        3
      ],
      [
        200,
        4
      ]
    ]
  }
}